SPECIFIC,GENERAL
ACTUARIAL SCIENCE,ACCOUNTING
ADVERTISING AND PUBLIC RELATIONS,ARCHITECTURE
AEROSPACE ENGINEERING,BIOLOGY
AGRICULTURAL ECONOMICS,BOTANY
AGRICULTURE PRODUCTION AND MANAGEMENT,CHEMISTRY
ANIMAL SCIENCES,COMMUNICATIONS
ANTHROPOLOGY AND ARCHEOLOGY,CRIMINOLOGY
APPLIED MATHEMATICS,ECOLOGY
ARCHITECTURAL ENGINEERING,ECONOMICS
AREA ETHNIC AND CIVILIZATION STUDIES,FINANCE
ART AND MUSIC EDUCATION,GENETICS
ART HISTORY AND CRITICISM,GEOGRAPHY
ASTRONOMY AND ASTROPHYSICS,GEOSCIENCES
ATMOSPHERIC SCIENCES AND METEOROLOGY,HISTORY
BIOCHEMICAL SCIENCES,HUMANITIES
BIOLOGICAL ENGINEERING,JOURNALISM
BIOMEDICAL ENGINEERING,MANAGEMENT
BUSINESS ECONOMICS,MATHEMATICS
BUSINESS INFORMATION TECHNOLOGY,MUSIC
BUSINESS MANAGEMENT AND ADMINISTRATION,NURSING
CHEMICAL ENGINEERING,OCEANOGRAPHY
CIVIL ENGINEERING,PHARMACOLOGY
CLINICAL PSYCHOLOGY,PHYSICS
COGNITIVE SCIENCE AND BIOPSYCHOLOGY,PHYSIOLOGY
COMMERCIAL ART AND GRAPHIC DESIGN,PSYCHOLOGY
COMMUNICATION DISORDERS SCIENCES AND SERVICES,SOCIOLOGY
COMMUNICATION TECHNOLOGIES,ZOOLOGY
COMMUNITY AND PUBLIC HEALTH,
COMPOSITION AND RHETORIC,
COMPUTER ADMINISTRATION MANAGEMENT AND SECURITY,
COMPUTER AND INFORMATION SYSTEMS,
COMPUTER ENGINEERING,
COMPUTER NETWORKING AND TELECOMMUNICATIONS,
COMPUTER PROGRAMMING AND DATA PROCESSING,
COMPUTER SCIENCE,
CONSTRUCTION SERVICES,
COSMETOLOGY SERVICES AND CULINARY ARTS,
COUNSELING PSYCHOLOGY,
COURT REPORTING,
CRIMINAL JUSTICE AND FIRE PROTECTION,
DRAMA AND THEATER ARTS,
EARLY CHILDHOOD EDUCATION,
EDUCATIONAL ADMINISTRATION AND SUPERVISION,
EDUCATIONAL PSYCHOLOGY,
ELECTRICAL ENGINEERING,
ELECTRICAL ENGINEERING TECHNOLOGY,
ELECTRICAL MECHANICAL AND PRECISION TECHNOLOGIES AND PRODUCTION,
ELEMENTARY EDUCATION,
ENGINEERING AND INDUSTRIAL MANAGEMENT,
ENGINEERING MECHANICS PHYSICS AND SCIENCE,
ENGINEERING TECHNOLOGIES,
ENGLISH LANGUAGE AND LITERATURE,
ENVIRONMENTAL ENGINEERING,
ENVIRONMENTAL SCIENCE,
FAMILY AND CONSUMER SCIENCES,
FILM VIDEO AND PHOTOGRAPHIC ARTS,
FINE ARTS,
FOOD SCIENCE,
FORESTRY,
FRENCH GERMAN LATIN AND OTHER COMMON FOREIGN LANGUAGE STUDIES,
GENERAL AGRICULTURE,
GENERAL BUSINESS,
GENERAL EDUCATION,
GENERAL ENGINEERING,
GENERAL MEDICAL AND HEALTH SERVICES,
GENERAL SOCIAL SCIENCES,
GEOLOGICAL AND GEOPHYSICAL ENGINEERING,
GEOLOGY AND EARTH SCIENCE,
HEALTH AND MEDICAL ADMINISTRATIVE SERVICES,
HEALTH AND MEDICAL PREPARATORY PROGRAMS,
HOSPITALITY MANAGEMENT,
HUMAN RESOURCES AND PERSONNEL MANAGEMENT,
HUMAN SERVICES AND COMMUNITY ORGANIZATION,
INDUSTRIAL AND MANUFACTURING ENGINEERING,
INDUSTRIAL AND ORGANIZATIONAL PSYCHOLOGY,
INDUSTRIAL PRODUCTION TECHNOLOGIES,
INFORMATION SCIENCES,
INTERCULTURAL AND INTERNATIONAL STUDIES,
INTERDISCIPLINARY SOCIAL SCIENCES,
INTERNATIONAL BUSINESS,
INTERNATIONAL RELATIONS,
LANGUAGE AND DRAMA EDUCATION,
LIBERAL ARTS,
LIBRARY SCIENCE,
LINGUISTICS AND COMPARATIVE LANGUAGE AND LITERATURE,
MANAGEMENT INFORMATION SYSTEMS AND STATISTICS,
MARKETING AND MARKETING RESEARCH,
MASS MEDIA,
MATERIALS ENGINEERING AND MATERIALS SCIENCE,
MATERIALS SCIENCE,
MATHEMATICS AND COMPUTER SCIENCE,
MATHEMATICS TEACHER EDUCATION,
MECHANICAL ENGINEERING,
MECHANICAL ENGINEERING RELATED TECHNOLOGIES,
MEDICAL ASSISTING SERVICES,
MEDICAL TECHNOLOGIES TECHNICIANS,
METALLURGICAL ENGINEERING,
MICROBIOLOGY,
MILITARY TECHNOLOGIES,
MINING AND MINERAL ENGINEERING,
MISCELLANEOUS AGRICULTURE,
MISCELLANEOUS BIOLOGY,
MISCELLANEOUS BUSINESS & MEDICAL ADMINISTRATION,
MISCELLANEOUS EDUCATION,
MISCELLANEOUS ENGINEERING,
MISCELLANEOUS ENGINEERING TECHNOLOGIES,
MISCELLANEOUS FINE ARTS,
MISCELLANEOUS HEALTH MEDICAL PROFESSIONS,
MISCELLANEOUS PSYCHOLOGY,
MISCELLANEOUS SOCIAL SCIENCES,
MOLECULAR BIOLOGY,
MULTI-DISCIPLINARY OR GENERAL SCIENCE,
MULTI/INTERDISCIPLINARY STUDIES,
NATURAL RESOURCES MANAGEMENT,
NAVAL ARCHITECTURE AND MARINE ENGINEERING,
NEUROSCIENCE,
NUCLEAR ENGINEERING,
NUCLEAR INDUSTRIAL RADIOLOGY AND BIOLOGICAL TECHNOLOGIES,
NUTRITION SCIENCES,
OPERATIONS LOGISTICS AND E-COMMERCE,
OTHER FOREIGN LANGUAGES,
PETROLEUM ENGINEERING,
PHARMACY PHARMACEUTICAL SCIENCES AND ADMINISTRATION,
PHILOSOPHY AND RELIGIOUS STUDIES,
PHYSICAL AND HEALTH EDUCATION TEACHING,
PHYSICAL FITNESS PARKS RECREATION AND LEISURE,
PHYSICAL SCIENCES,
PLANT SCIENCE AND AGRONOMY,
POLITICAL SCIENCE AND GOVERNMENT,
PRE-LAW AND LEGAL STUDIES,
PUBLIC ADMINISTRATION,
PUBLIC HEALTH,
PUBLIC POLICY,
SCHOOL STUDENT COUNSELING,
SCIENCE AND COMPUTER TEACHER EDUCATION,
SECONDARY TEACHER EDUCATION,
SOCIAL PSYCHOLOGY,
SOCIAL SCIENCE OR HISTORY TEACHER EDUCATION,
SOCIAL WORK,
SOIL SCIENCE,
SPECIAL NEEDS EDUCATION,
STATISTICS AND DECISION SCIENCE,
STUDIO ARTS,
TEACHER EDUCATION: MULTIPLE LEVELS,
THEOLOGY AND RELIGIOUS VOCATIONS,
TRANSPORTATION SCIENCES AND TECHNOLOGIES,
TREATMENT THERAPY PROFESSIONS,
UNITED STATES HISTORY,
VISUAL AND PERFORMING ARTS,
GENERAL AGRICULTURE,Agriculture & Natural Resources
AGRICULTURE PRODUCTION AND MANAGEMENT,Agriculture & Natural Resources
AGRICULTURAL ECONOMICS,Agriculture & Natural Resources
ANIMAL SCIENCES,Agriculture & Natural Resources
FOOD SCIENCE,Agriculture & Natural Resources
PLANT SCIENCE AND AGRONOMY,Agriculture & Natural Resources
SOIL SCIENCE,Agriculture & Natural Resources
MISCELLANEOUS AGRICULTURE,Agriculture & Natural Resources
ENVIRONMENTAL SCIENCE,Biology & Life Science
FORESTRY,Agriculture & Natural Resources
NATURAL RESOURCES MANAGEMENT,Agriculture & Natural Resources
ARCHITECTURE,Engineering
AREA ETHNIC AND CIVILIZATION STUDIES,Humanities & Liberal Arts
COMMUNICATIONS,Communications & Journalism
JOURNALISM,Communications & Journalism
MASS MEDIA,Communications & Journalism
ADVERTISING AND PUBLIC RELATIONS,Communications & Journalism
COMMUNICATION TECHNOLOGIES,Computers & Mathematics
COMPUTER AND INFORMATION SYSTEMS,Computers & Mathematics
COMPUTER PROGRAMMING AND DATA PROCESSING,Computers & Mathematics
COMPUTER SCIENCE,Computers & Mathematics
INFORMATION SCIENCES,Computers & Mathematics
COMPUTER ADMINISTRATION MANAGEMENT AND SECURITY,Computers & Mathematics
COMPUTER NETWORKING AND TELECOMMUNICATIONS,Computers & Mathematics
COSMETOLOGY SERVICES AND CULINARY ARTS,Industrial Arts & Consumer Services
GENERAL EDUCATION,Education
EDUCATIONAL ADMINISTRATION AND SUPERVISION,Education
SCHOOL STUDENT COUNSELING,Education
ELEMENTARY EDUCATION,Education
MATHEMATICS TEACHER EDUCATION,Education
PHYSICAL AND HEALTH EDUCATION TEACHING,Education
EARLY CHILDHOOD EDUCATION,Education
SCIENCE AND COMPUTER TEACHER EDUCATION,Education
SECONDARY TEACHER EDUCATION,Education
SPECIAL NEEDS EDUCATION,Education
SOCIAL SCIENCE OR HISTORY TEACHER EDUCATION,Education
TEACHER EDUCATION: MULTIPLE LEVELS,Education
LANGUAGE AND DRAMA EDUCATION,Education
ART AND MUSIC EDUCATION,Education
MISCELLANEOUS EDUCATION,Education
GENERAL ENGINEERING,Engineering
AEROSPACE ENGINEERING,Engineering
BIOLOGICAL ENGINEERING,Engineering
ARCHITECTURAL ENGINEERING,Engineering
BIOMEDICAL ENGINEERING,Engineering
CHEMICAL ENGINEERING,Engineering
CIVIL ENGINEERING,Engineering
COMPUTER ENGINEERING,Engineering
ELECTRICAL ENGINEERING,Engineering
ENGINEERING MECHANICS PHYSICS AND SCIENCE,Engineering
ENVIRONMENTAL ENGINEERING,Engineering
GEOLOGICAL AND GEOPHYSICAL ENGINEERING,Engineering
INDUSTRIAL AND MANUFACTURING ENGINEERING,Engineering
MATERIALS ENGINEERING AND MATERIALS SCIENCE,Engineering
MECHANICAL ENGINEERING,Engineering
METALLURGICAL ENGINEERING,Engineering
MINING AND MINERAL ENGINEERING,Engineering
NAVAL ARCHITECTURE AND MARINE ENGINEERING,Engineering
NUCLEAR ENGINEERING,Engineering
PETROLEUM ENGINEERING,Engineering
MISCELLANEOUS ENGINEERING,Engineering
ENGINEERING TECHNOLOGIES,Engineering
ENGINEERING AND INDUSTRIAL MANAGEMENT,Engineering
ELECTRICAL ENGINEERING TECHNOLOGY,Engineering
INDUSTRIAL PRODUCTION TECHNOLOGIES,Engineering
MECHANICAL ENGINEERING RELATED TECHNOLOGIES,Engineering
MISCELLANEOUS ENGINEERING TECHNOLOGIES,Engineering
LINGUISTICS AND COMPARATIVE LANGUAGE AND LITERATURE,Humanities & Liberal Arts
FRENCH GERMAN LATIN AND OTHER COMMON FOREIGN LANGUAGE STUDIES,Humanities & Liberal Arts
OTHER FOREIGN LANGUAGES,Humanities & Liberal Arts
FAMILY AND CONSUMER SCIENCES,Industrial Arts & Consumer Services
COURT REPORTING,Law & Public Policy
PRE-LAW AND LEGAL STUDIES,Law & Public Policy
ENGLISH LANGUAGE AND LITERATURE,Humanities & Liberal Arts
COMPOSITION AND RHETORIC,Humanities & Liberal Arts
LIBERAL ARTS,Humanities & Liberal Arts
HUMANITIES,Humanities & Liberal Arts
LIBRARY SCIENCE,Education
BIOLOGY,Biology & Life Science
BIOCHEMICAL SCIENCES,Biology & Life Science
BOTANY,Biology & Life Science
MOLECULAR BIOLOGY,Biology & Life Science
ECOLOGY,Biology & Life Science
GENETICS,Biology & Life Science
MICROBIOLOGY,Biology & Life Science
PHARMACOLOGY,Biology & Life Science
PHYSIOLOGY,Biology & Life Science
ZOOLOGY,Biology & Life Science
NEUROSCIENCE,Biology & Life Science
MISCELLANEOUS BIOLOGY,Biology & Life Science
MATHEMATICS,Computers & Mathematics
APPLIED MATHEMATICS,Computers & Mathematics
STATISTICS AND DECISION SCIENCE,Computers & Mathematics
MILITARY TECHNOLOGIES,Industrial Arts & Consumer Services
MULTI/INTERDISCIPLINARY STUDIES,Interdisciplinary
INTERCULTURAL AND INTERNATIONAL STUDIES,Humanities & Liberal Arts
NUTRITION SCIENCES,Health
MATHEMATICS AND COMPUTER SCIENCE,Computers & Mathematics
COGNITIVE SCIENCE AND BIOPSYCHOLOGY,Biology & Life Science
INTERDISCIPLINARY SOCIAL SCIENCES,Social Science
PHYSICAL FITNESS PARKS RECREATION AND LEISURE,Industrial Arts & Consumer Services
PHILOSOPHY AND RELIGIOUS STUDIES,Humanities & Liberal Arts
THEOLOGY AND RELIGIOUS VOCATIONS,Humanities & Liberal Arts
PHYSICAL SCIENCES,Physical Sciences
ASTRONOMY AND ASTROPHYSICS,Physical Sciences
ATMOSPHERIC SCIENCES AND METEOROLOGY,Physical Sciences
CHEMISTRY,Physical Sciences
GEOLOGY AND EARTH SCIENCE,Physical Sciences
GEOSCIENCES,Physical Sciences
OCEANOGRAPHY,Physical Sciences
PHYSICS,Physical Sciences
MATERIALS SCIENCE,Engineering
MULTI-DISCIPLINARY OR GENERAL SCIENCE,Physical Sciences
NUCLEAR INDUSTRIAL RADIOLOGY AND BIOLOGICAL TECHNOLOGIES,Physical Sciences
PSYCHOLOGY,Psychology & Social Work
EDUCATIONAL PSYCHOLOGY,Psychology & Social Work
CLINICAL PSYCHOLOGY,Psychology & Social Work
COUNSELING PSYCHOLOGY,Psychology & Social Work
INDUSTRIAL AND ORGANIZATIONAL PSYCHOLOGY,Psychology & Social Work
SOCIAL PSYCHOLOGY,Psychology & Social Work
MISCELLANEOUS PSYCHOLOGY,Psychology & Social Work
CRIMINAL JUSTICE AND FIRE PROTECTION,Law & Public Policy
PUBLIC ADMINISTRATION,Law & Public Policy
PUBLIC POLICY,Law & Public Policy
HUMAN SERVICES AND COMMUNITY ORGANIZATION,Psychology & Social Work
SOCIAL WORK,Psychology & Social Work
GENERAL SOCIAL SCIENCES,Social Science
ECONOMICS,Social Science
ANTHROPOLOGY AND ARCHEOLOGY,Humanities & Liberal Arts
CRIMINOLOGY,Social Science
GEOGRAPHY,Social Science
INTERNATIONAL RELATIONS,Social Science
POLITICAL SCIENCE AND GOVERNMENT,Social Science
SOCIOLOGY,Social Science
MISCELLANEOUS SOCIAL SCIENCES,Social Science
CONSTRUCTION SERVICES,Industrial Arts & Consumer Services
ELECTRICAL MECHANICAL AND PRECISION TECHNOLOGIES AND PRODUCTION,Industrial Arts & Consumer Services
TRANSPORTATION SCIENCES AND TECHNOLOGIES,Industrial Arts & Consumer Services
FINE ARTS,Arts
DRAMA AND THEATER ARTS,Arts
MUSIC,Arts
VISUAL AND PERFORMING ARTS,Arts
COMMERCIAL ART AND GRAPHIC DESIGN,Arts
FILM VIDEO AND PHOTOGRAPHIC ARTS,Arts
ART HISTORY AND CRITICISM,Humanities & Liberal Arts
STUDIO ARTS,Arts
MISCELLANEOUS FINE ARTS,Arts
GENERAL MEDICAL AND HEALTH SERVICES,Health
COMMUNICATION DISORDERS SCIENCES AND SERVICES,Health
HEALTH AND MEDICAL ADMINISTRATIVE SERVICES,Health
MEDICAL ASSISTING SERVICES,Health
MEDICAL TECHNOLOGIES TECHNICIANS,Health
HEALTH AND MEDICAL PREPARATORY PROGRAMS,Health
NURSING,Health
PHARMACY PHARMACEUTICAL SCIENCES AND ADMINISTRATION,Health
TREATMENT THERAPY PROFESSIONS,Health
COMMUNITY AND PUBLIC HEALTH,Health
MISCELLANEOUS HEALTH MEDICAL PROFESSIONS,Health
GENERAL BUSINESS,Business
ACCOUNTING,Business
ACTUARIAL SCIENCE,Business
BUSINESS MANAGEMENT AND ADMINISTRATION,Business
OPERATIONS LOGISTICS AND E-COMMERCE,Business
BUSINESS ECONOMICS,Business
MARKETING AND MARKETING RESEARCH,Business
FINANCE,Business
HUMAN RESOURCES AND PERSONNEL MANAGEMENT,Business
INTERNATIONAL BUSINESS,Business
HOSPITALITY MANAGEMENT,Business
MANAGEMENT INFORMATION SYSTEMS AND STATISTICS,Business
MISCELLANEOUS BUSINESS & MEDICAL ADMINISTRATION,Business
HISTORY,Humanities & Liberal Arts
UNITED STATES HISTORY,Humanities & Liberal Arts
INDUSTRIAL ENGINEERING,
BIG DATA ANALYTICS,
